State and District,CDID,Median Age,White,Black,AI/AN,Asian,PI,Other,Two Plus,Emp-LF Ratio,High School,Bachelor,Advanced,% households w/ married couples,% households w/ seniors,% poverty
Alabama,,38.9,68.4,26.5,0.5,1.3,0,1.4,1.8,62.7,85.3,24.5,9.1,49.2,24.7,18
Congressional District 1 (115th Congress),AL,40,67.3,27.7,1,1.4,0,0.8,1.7,61.8,87,24,8.2,50.4,25.8,18
Congressional District 2 (115th Congress),AL,38.5,64.3,31.1,0.4,1.1,0,1.1,2,62.2,84.1,22.1,8.4,48.2,25.1,18.8
Congressional District 3 (115th Congress),AL,38.1,69.7,25.4,0.3,1.7,0,1,1.9,61.7,84,21.5,8.8,45.9,24.1,18.7
Congressional District 4 (115th Congress),AL,40.7,87.7,7,0.8,0.6,0.1,1.9,1.8,60.9,80.9,16.9,6.5,54.9,27.5,18.5
Congressional District 5 (115th Congress),AL,39.5,76.4,17.4,0.6,1.7,0.1,1.3,2.6,66,87.1,30.8,11.3,51.9,24.2,15
Congressional District 6 (115th Congress),AL,39.1,79.1,14.9,0.3,1.7,0,2.3,1.6,69.3,90,36,13.7,56.9,22.5,10.7
Congressional District 7 (115th Congress),AL,36.3,33.1,63.4,0.2,0.8,0,1.3,1.2,57,83.9,19.6,6.9,34.5,23.9,26.6
Alaska,,34.5,65.3,3.2,14.2,6.2,1.2,1.4,8.5,70.1,92.4,29,10.4,50.6,14.2,10.2
Congressional District 0 (115th Congress),AK,34.5,65.3,3.2,14.2,6.2,1.2,1.4,8.5,70.1,92.4,29,10.4,50.6,14.2,10.2
Arizona,,37.7,77.5,4.3,4.4,3.1,0.2,7,3.5,65.9,86.5,28.4,10.7,49.6,24.7,17
Congressional District 1 (115th Congress),AZ,37.6,65.2,2.3,23.3,1.6,0.2,3.8,3.6,56.8,85.9,24.1,9.7,50.6,30,20.9
Congressional District 2 (115th Congress),AZ,41.4,81.1,4,1.5,3,0.2,5.8,4.4,65.6,90.7,33.9,14.4,55.9,31.7,15.9
Congressional District 3 (115th Congress),AZ,31.8,70.8,4.6,4.3,1.8,0.1,14.8,3.6,62.1,75.8,16,5.4,46.1,19.6,22.5
Congressional District 4 (115th Congress),AZ,48.1,88.4,1.9,1.8,1.3,0.2,3.9,2.5,58.6,87,18.8,7,40.4,14.3,15
Congressional District 5 (115th Congress),AZ,38,85.1,3.1,1.1,4.6,0.2,2.7,3.1,72.4,92.9,35.3,12.5,44.6,20.4,9
Congressional District 6 (115th Congress),AZ,42.3,85.1,2.6,1.6,4.7,0.1,2.8,2.9,71.9,92.5,43.4,16.4,56.9,24.3,11.6
Congressional District 7 (115th Congress),AZ,29.7,62.5,9.9,2.8,2.5,0.2,18.3,3.8,62,68,13.9,4.6,48.9,23.6,31.1
Congressional District 8 (115th Congress),AZ,43.1,84.3,4.3,0.9,3.6,0.2,3.3,3.4,69.2,92,29.1,10.3,49.4,30,9.3
Congressional District 9 (115th Congress),AZ,33.5,75.2,5.7,2.8,5,0.3,7,4,73.1,89.3,37.7,14.3,50.8,25.2,17.5
Arkansas,,38.1,77.3,15.4,0.7,1.4,0.2,2.5,2.4,64.4,85.6,22,7.9,50.6,27.3,18.1
Congressional District 1 (115th Congress),AR,39.7,78,17.8,0.4,0.5,0.1,1,2.1,60.6,83.4,16,5.5,48.6,22.2,20
Congressional District 2 (115th Congress),AR,37.4,71.8,22.3,0.3,1.6,0.1,1.4,2.6,67.5,89.5,29.2,11,54.4,23.4,15.7
Congressional District 3 (115th Congress),AR,35.5,84.4,3,1.1,2.9,0.8,4.8,3.1,67.8,85.2,26.5,9.4,49.1,28.6,16.3
Congressional District 4 (115th Congress),AR,40.8,74.6,19.4,0.8,0.6,0,2.8,1.8,61,84.2,16.1,5.5,49.9,22.7,20.8
California,,36.5,60.6,5.8,0.7,14.1,0.4,13.7,4.7,66.8,82.5,32.6,12.2,46.8,24.8,15.1
Congressional District 1 (115th Congress),CA,42.3,86.1,1.5,1.9,2.8,0.2,2.9,4.7,59.4,89.6,24,8.4,49.8,27.1,17.9
Congressional District 2 (115th Congress),CA,44.3,80.1,1.4,2.2,3.7,0.2,7.4,5,67.6,90.5,40.7,16.2,54.7,23.7,12.7
Congressional District 3 (115th Congress),CA,35.2,66.1,6.2,1,11.2,0.5,8.8,6.2,62.3,83.7,24.7,9.4,57.1,26.5,15.6
Congressional District 4 (115th Congress),CA,44.6,85.2,1.3,1,5,0.2,2.9,4.4,65.7,93,32.7,11.3,38,20.7,9.7
Congressional District 5 (115th Congress),CA,40.2,64,6.4,1,11.1,0.5,11.2,5.9,70.2,87.1,31,10.3,48.1,25,11.3
Congressional District 6 (115th Congress),CA,34.4,52.4,12.6,0.8,15.6,1.4,10.2,7.1,64.4,84.1,27.7,9.6,49.8,22.3,21.2
Congressional District 7 (115th Congress),CA,38.7,64.2,7.3,0.6,15.5,0.8,4.3,7.2,66.9,90.1,33,11.1,30.1,22.4,12.2
Congressional District 8 (115th Congress),CA,34.2,76.5,7.9,1.4,3.1,0.3,6.2,4.6,57.3,82.8,16.4,6.3,35.9,20.9,20.6
Congressional District 9 (115th Congress),CA,35,54.4,8.9,0.6,14.5,0.6,11.3,9.6,62.4,80.2,19.8,6.2,55.2,23.7,16.8
Congressional District 10 (115th Congress),CA,34.6,72.5,3.3,0.7,6.9,0.7,10.7,5.3,63.1,79.5,17.3,5.3,59.2,20.5,15.3
Congressional District 11 (115th Congress),CA,39.7,61,8,0.4,13.8,0.5,10.1,6.2,69.4,88.1,43,16.1,52.7,26.4,10.6
Congressional District 12 (115th Congress),CA,38.2,49.5,5.3,0.4,32.1,0.4,7.1,5.1,77.3,88.2,57.4,23.2,54.7,22.3,11.8
Congressional District 13 (115th Congress),CA,36.8,43,17.5,0.8,20.8,0.6,10.4,7,69.7,84.9,46.8,21.1,53.3,22.8,16.4
Congressional District 14 (115th Congress),CA,39.4,45.7,3,0.3,33.5,1.4,10.7,5.4,75.2,88.4,46.1,17.8,55,20.5,7.6
Congressional District 15 (115th Congress),CA,38.5,46.6,5.9,0.5,32.5,1,7.4,6,72.5,89.7,43.3,16.6,54,20.9,7.3
Congressional District 16 (115th Congress),CA,30.8,57.9,5.7,1.1,9.3,0.2,21.9,4,56.1,66.8,12.3,3.9,50.8,22.5,29.3
Congressional District 17 (115th Congress),CA,36.8,30.7,2.5,0.3,53.4,0.5,7.9,4.6,71.9,91.2,55.8,26.9,50.6,21.3,6.7
Congressional District 18 (115th Congress),CA,39.8,64.4,1.9,0.3,22.6,0.3,5.5,5,72.8,93.4,61.8,31.7,53.7,24,6.9
Congressional District 19 (115th Congress),CA,36.7,43.9,2.9,0.7,27.9,0.4,18.8,5.3,71.7,80.5,34.3,12.2,49.7,19.6,10.9
Congressional District 20 (115th Congress),CA,34.9,69.5,1.9,0.7,5.2,0.3,18.1,4.3,65.3,75.6,27.4,10.8,55.4,21.8,14.9
Congressional District 21 (115th Congress),CA,30,71.5,4,1.1,3.2,0.2,17.4,2.8,54.6,59.2,8.2,2.3,52.5,22.3,29.3
Congressional District 22 (115th Congress),CA,32.2,73.2,3.2,0.9,7.9,0.2,10.5,4.1,64.3,80.4,24.2,8.4,47,24.5,19.8
Congressional District 23 (115th Congress),CA,34.5,74.6,6.6,1.1,5.2,0.2,8.2,4,59.3,82.4,20,6.9,59.1,24.9,19
Congressional District 24 (115th Congress),CA,36,79.1,1.9,0.8,4.7,0.1,9.3,4,67.7,84.7,33.6,13.3,56.1,18.6,14.8
Congressional District 25 (115th Congress),CA,35.8,64.2,7.9,0.7,8.3,0.2,13.3,5.4,64.1,85.2,27.3,9.2,57.4,23.8,13.4
Congressional District 26 (115th Congress),CA,38,79.9,1.8,0.8,6.8,0.2,6.1,4.3,70.4,82.7,32.8,12.5,47.3,22.2,10.9
Congressional District 27 (115th Congress),CA,41.2,39.3,4.5,0.4,38.5,0.2,13.4,3.6,69.2,85.5,41.9,16.8,43,20,12.6
Congressional District 28 (115th Congress),CA,40.3,67.1,2.9,0.4,13.5,0.1,11.9,4.1,72.3,87.4,45.2,15.1,48.4,25.9,15
Congressional District 29 (115th Congress),CA,35.3,56.8,3.8,0.5,7.8,0.1,28.6,2.4,67.5,68.9,19.3,4.7,39.7,23.5,19.9
Congressional District 30 (115th Congress),CA,39.3,65.8,4.7,0.4,12.7,0.1,11.8,4.5,71.6,88.4,42.5,14.6,38.3,18,11.5
Congressional District 31 (115th Congress),CA,33,61.5,10.7,0.7,7.8,0.3,14.3,4.8,61.9,80,23.5,8.6,54.5,25.9,19
Congressional District 32 (115th Congress),CA,37.1,46,2.8,0.8,18.2,0.3,28.4,3.6,66.5,75.1,21,6,31.6,19.7,13.5
Congressional District 33 (115th Congress),CA,41.2,73.3,2.9,0.3,14.4,0.2,3.6,5.3,70.5,95.7,63.9,27.5,45.5,20.4,9
Congressional District 34 (115th Congress),CA,34.8,40.1,4.4,1.1,19.6,0.2,31.7,2.9,67,65.5,25.2,7,38.4,19.8,26.3
Congressional District 35 (115th Congress),CA,32.6,48.6,6.6,0.9,7,0.4,32.1,4.4,62.7,70.5,15.3,4.1,42.4,20.2,16.9
Congressional District 36 (115th Congress),CA,43.7,68.8,4.5,1.2,3.3,0.2,18.5,3.5,59.9,80,20.8,8,40.2,19.2,19.8
Congressional District 37 (115th Congress),CA,35.5,42.2,23,0.8,10.2,0.1,19.9,3.8,67.6,80.3,37.8,15.3,54.9,26.2,20.1
Congressional District 38 (115th Congress),CA,37,48.3,4,0.7,15.4,0.3,27.7,3.7,66.2,79.3,22.5,6.9,56.5,22.6,11.8
Congressional District 39 (115th Congress),CA,38.4,52.2,2.4,0.5,30.7,0.3,10,4,69.3,88.8,41.1,13.6,55.2,24.7,10
Congressional District 40 (115th Congress),CA,30.6,54.8,4.8,0.7,2.6,0.3,35.1,1.8,63.5,53.7,9.5,2.5,52.3,25.8,25.2
Congressional District 41 (115th Congress),CA,30.7,50.7,9.2,0.7,5.6,0.3,29.6,3.8,62.5,75.1,17,6.3,63.1,21.4,17.7
Congressional District 42 (115th Congress),CA,34.6,64.3,5.5,0.6,9.3,0.4,14.1,5.7,64.7,86.3,25.1,8.6,53.9,16.2,10.7
Congressional District 43 (115th Congress),CA,36.1,35.3,22.7,0.6,12.8,0.5,23.2,5,66.7,77.4,25.5,7.9,59.4,19,18.9
Congressional District 44 (115th Congress),CA,32.3,45,15.9,1,5.9,0.6,28.2,3.3,62.3,63.6,12.6,3.3,52.1,29.4,21.7
Congressional District 45 (115th Congress),CA,38.8,62.5,1.9,0.4,24,0.2,6.3,4.8,70.8,93.6,53.8,21.1,50.2,27.1,9.2
Congressional District 46 (115th Congress),CA,32.4,57.7,1.7,0.5,12.9,0.3,24.5,2.4,68.9,66.5,18,4.6,55.2,19.9,18.2
Congressional District 47 (115th Congress),CA,37.5,54.5,7.4,1,22.4,0.7,9.6,4.4,68.4,81.7,31.1,10.7,51.8,23.6,16.3
Congressional District 48 (115th Congress),CA,42.9,67.3,1.2,0.4,18.1,0.4,8.4,4.2,72.5,89.3,44.4,16.1,58.3,24.4,10.3
Congressional District 49 (115th Congress),CA,39.5,79,2.7,0.4,6.8,0.3,6.2,4.5,70,90.4,44.1,17.1,56.2,22.8,9.6
Congressional District 50 (115th Congress),CA,37.3,77.3,2.8,1.2,5.7,0.4,7.2,5.4,67.9,86,27.8,9.4,54.1,24.5,12.2
Congressional District 51 (115th Congress),CA,32.5,64.4,6.8,0.7,8.2,0.4,15.4,4,58.8,69.1,14.2,3.9,54.6,22.5,22.7
Congressional District 52 (115th Congress),CA,36.2,68.7,3,0.4,19.9,0.4,2.4,5.3,71.8,95.2,57.6,24.8,32.4,17.7,9.5
Congressional District 53 (115th Congress),CA,35.2,65,8.2,0.5,13.5,0.6,6.1,6.2,70.2,88.7,37.1,13.3,50.6,18.6,13.1
Colorado,,36.8,84.2,4.1,0.9,3,0.2,4.1,3.5,73.3,91.1,39.4,14.6,34.6,18.3,11.5
Congressional District 1 (115th Congress),CO,35.2,78.7,8.3,0.9,3.4,0.1,5.2,3.4,75.8,87.9,46.2,17.7,51.3,14,14
Congressional District 2 (115th Congress),CO,38.1,90.6,0.9,0.5,3.1,0.1,1.9,2.9,74.7,96.2,53.9,22.3,52.5,24.2,10.9
Congressional District 3 (115th Congress),CO,40.3,88.4,1,2.3,0.7,0.1,4.9,2.5,68.8,90,30.3,10.2,53.4,19.3,15.2
Congressional District 4 (115th Congress),CO,37.1,89.5,1.3,0.7,1.9,0.1,3.5,2.9,72.7,90.6,34.5,11.6,53.1,18.8,9.7
Congressional District 5 (115th Congress),CO,35.6,81.2,5.7,0.7,2.5,0.4,4.3,5.3,68,93.4,35.5,13.8,63.2,15.9,11.2
Congressional District 6 (115th Congress),CO,36.5,73.6,9.2,0.6,6,0.2,6.3,4.2,75.9,91.8,42,14.8,46.1,19.8,9.2
Congressional District 7 (115th Congress),CO,36.1,87.7,1.7,1.1,3.3,0.1,3,3.2,75.9,88.4,32.4,11.3,51,25,10.5
Connecticut,,40.9,76.7,10.5,0.3,4.4,0,5.1,3.1,72,90.2,38.4,17,46.4,25.5,10.1
Congressional District 1 (115th Congress),CT,40.6,69.9,15.2,0.3,5,0,6,3.5,72.6,89.4,36.9,15.8,55.3,24.3,11.1
Congressional District 2 (115th Congress),CT,42.6,86.3,4,0.4,3.3,0,2.3,3.6,72.7,92.3,34.7,15.1,47.6,25.2,8.4
Congressional District 3 (115th Congress),CT,39.4,73.3,13.8,0.2,4.3,0,5.4,3,71.4,90.9,35.9,16.8,53.8,25,11.3
Congressional District 4 (115th Congress),CT,40,73,12.4,0.3,5.3,0,6.1,2.9,71.1,89.6,48.7,22,52.1,25,9
Congressional District 5 (115th Congress),CT,42.4,81.1,6.7,0.2,3.8,0,5.7,2.4,72.1,89,35.8,15.2,49.9,25.1,10.6
Delaware,,40.1,69.1,21.9,0.4,3.9,0,2,2.8,69.1,89.3,31,12.9,49.9,25.1,12.1
Congressional District 0 (115th Congress),DE,40.1,69.1,21.9,0.4,3.9,0,2,2.8,69.1,89.3,31,12.9,22.4,20.7,12.1
District of Columbia,,34,40.7,47.7,0.3,3.8,0,4.6,2.9,70.5,90.3,56.6,32.8,22.4,20.7,17.4
Delegate District 0 (115th Congress),DC,34,40.7,47.7,0.3,3.8,0,4.6,2.9,70.5,90.3,56.6,32.8,48.3,29.8,17.4
Florida,,42,75.7,16.1,0.3,2.7,0.1,2.6,2.5,66.9,87.6,28.5,10.3,50.6,24.9,15.5
Congressional District 1 (115th Congress),FL,38.5,76.9,13.3,0.5,2.5,0.2,2.1,4.5,65.8,90.2,27.1,9.4,44.7,23.2,13.3
Congressional District 2 (115th Congress),FL,41.9,81.8,12.9,0.5,1.7,0.1,0.7,2.3,59.4,86.6,23.3,9.2,34.1,21.7,16.4
Congressional District 3 (115th Congress),FL,37.6,76,16.1,0.3,3.4,0.1,1,3.2,60.8,88.2,26.3,10.9,49.4,21.2,19.1
Congressional District 4 (115th Congress),FL,39.6,82,9.1,0.2,4.6,0.1,1.1,3,71.8,93.3,38.7,13.5,58.4,38.1,9.7
Congressional District 5 (115th Congress),FL,34,45.5,47.6,0.3,2.6,0.1,1.4,2.6,61.4,85,20.1,6.5,51.3,28.6,24.3
Congressional District 6 (115th Congress),FL,47.9,83.5,10.3,0.4,1.8,0.1,1.9,2,63.3,89.8,23.1,8.3,51.5,29.5,15.3
Congressional District 7 (115th Congress),FL,36.5,78,10.8,0.2,4.4,0.1,3.4,3.2,68.9,92.9,38.2,12.8,48.1,23,14.4
Congressional District 8 (115th Congress),FL,48.5,83.5,9.8,0.3,2.2,0.1,1.4,2.7,64.5,91,28.2,10.9,51.7,29.3,13.3
Congressional District 9 (115th Congress),FL,38.3,74.7,13.2,0.3,2.9,0.1,5.2,3.6,65.7,85.4,22.7,7.4,42.4,33.3,17.3
Congressional District 10 (115th Congress),FL,35,55.8,28.1,0.2,5.2,0.1,7.2,3.4,70.8,86.9,29.6,9.3,34.9,21.2,16.6
Congressional District 11 (115th Congress),FL,55.5,87.8,7.3,0.3,1.3,0,1.2,2.1,58.2,88.5,20.6,7.4,52.2,28.5,14.1
Congressional District 12 (115th Congress),FL,46.5,88.6,4.8,0.3,2.6,0.1,1.2,2.3,66.4,90.2,26.9,9.1,51,41.1,12
Congressional District 13 (115th Congress),FL,46.9,79.2,12.4,0.3,3.4,0.1,1.4,3.1,69,90,28.7,10.2,54.7,38.8,15.2
Congressional District 14 (115th Congress),FL,37.1,69.7,18.5,0.3,4.4,0.1,3.7,3.3,70,88.3,35,13.1,51.7,32.6,17.6
Congressional District 15 (115th Congress),FL,37.7,75,14.5,0.3,3,0.1,4.1,3,67.7,87.5,24.8,8.1,54.7,39.1,14.7
Congressional District 16 (115th Congress),FL,47.3,84.2,8.4,0.3,2,0.1,3,2,68.6,89.8,31.7,12.5,35.2,24.1,12.1
Congressional District 17 (115th Congress),FL,51.5,86.8,7.7,0.3,1.3,0,2.1,1.8,60.1,86.2,21.1,7.7,40.3,30.7,15.3
Congressional District 18 (115th Congress),FL,47.7,80.5,12.8,0.3,2.2,0.1,2.1,2,69.2,89.4,30.2,11,48.7,42,12.3
Congressional District 19 (115th Congress),FL,51.3,86.1,7.9,0.2,1.5,0,2.6,1.6,66.9,88.5,31.9,12.3,44,26.9,13.6
Congressional District 20 (115th Congress),FL,36.6,38.3,53.9,0.2,2.7,0,2.3,2.7,66.7,81.9,21,7.2,55.3,29.4,20.4
Congressional District 21 (115th Congress),FL,46.1,77,15.6,0.2,2.6,0,2.5,2,71.1,87.7,34,12.7,46.3,32,13.2
Congressional District 22 (115th Congress),FL,45.1,75.9,15,0.2,3.3,0,2.6,2.9,73.1,91.2,38,14,36.2,23.4,11.8
Congressional District 23 (115th Congress),FL,41,74.7,14,0.3,4.1,0.1,3.7,3.1,71.1,92,38.8,14.8,52.6,25.7,11
Congressional District 24 (115th Congress),FL,37,42.9,49.9,0.2,1.3,0,3.9,1.7,63.5,78.1,19.3,6.5,56.5,22.7,24.1
Congressional District 25 (115th Congress),FL,42.7,89.9,4.7,0.2,1.1,0,2.9,1.1,68.4,78.1,23.1,7.6,48.7,19.5,18.9
Congressional District 26 (115th Congress),FL,38.7,82,12,0.1,1.8,0,2.4,1.7,66.8,82,25.8,7.8,50.2,21.9,17.1
Congressional District 27 (115th Congress),FL,42.1,87,5.3,0.2,2,0,3.7,1.9,72.1,84.7,38,16.2,42.1,24.1,15.4
Georgia,,36.8,59.4,31.3,0.3,3.8,0.1,2.8,2.3,66.3,86.3,29.9,11.4,57.1,21.4,16.9
Congressional District 1 (115th Congress),GA,35.6,63.1,29.7,0.4,1.8,0.1,2.1,2.9,64.2,87.6,25.4,9.7,38.3,14.3,17.9
Congressional District 2 (115th Congress),GA,36,42.5,52,0.2,1.2,0.1,1.9,2.1,56.5,81.7,17.7,6.9,27.7,16.4,26.8
Congressional District 3 (115th Congress),GA,38.6,69.8,23.9,0.2,1.9,0,1.5,2.6,65.7,86.8,26,9.4,59.3,15.3,14.9
Congressional District 4 (115th Congress),GA,36.4,29.2,59.5,0.3,5.1,0.1,3.4,2.5,68.1,87.2,30.2,11.4,59.9,14.9,17.8
Congressional District 5 (115th Congress),GA,33,32.5,58.4,0.3,4.3,0,2.1,2.4,66.4,88.1,40.6,17.5,47.9,23.3,22.2
Congressional District 6 (115th Congress),GA,37.8,69.4,13.6,0.8,11.1,0,2.2,2.8,75.1,93.3,59.7,23,58.4,22.7,8.9
Congressional District 7 (115th Congress),GA,36.1,57.1,19.6,0.3,13.1,0,7,2.8,71.8,88.7,40.2,13.5,50.3,23.9,10.5
Congressional District 8 (115th Congress),GA,37.5,63.7,30.5,0.3,1.5,0,2,2,60.6,83.8,20.6,8.7,54.9,19.1,21.3
Congressional District 9 (115th Congress),GA,41.4,87.2,6.9,0.3,1.2,0,2.8,1.6,65.8,81.7,22,8.4,42.1,23.2,16.3
Congressional District 10 (115th Congress),GA,36.4,68.9,25.3,0.1,2.1,0.1,1.4,2.1,63.5,85.7,25.1,10.3,42.6,14.6,17.8
Congressional District 11 (115th Congress),GA,36.9,73.8,16.4,0.3,3.5,0,3.5,2.4,72.8,90.2,40.3,13.9,52,28.3,10.8
Congressional District 12 (115th Congress),GA,35.9,58.7,35.1,0.3,1.7,0.1,2.1,2.1,59,83.5,20.8,8.2,50.5,30.3,22.1
Congressional District 13 (115th Congress),GA,36.1,32.1,59,0.1,2.6,0,3.9,2.3,68.4,88.3,28.2,10.5,53.5,26.1,16.1
Congressional District 14 (115th Congress),GA,37.8,85.4,8.9,0.3,1.1,0,2.5,1.8,66.7,79.9,17.4,6.4,57,21.7,15.8
Hawaii,,39.2,25.1,1.8,0.2,38,10,1,23.8,71.9,91.6,32,10.8,58.4,22.3,10.3
Congressional District 1 (115th Congress),HI,39.7,18,2.1,0.1,50.2,7.9,0.9,20.8,74.2,90.8,35.1,12,55.5,21,8.7
Congressional District 2 (115th Congress),HI,38.6,32.3,1.6,0.3,25.9,12.2,1.1,26.8,69.6,92.5,28.8,9.6,49.4,22.9,12
Idaho,,36.3,91,0.7,1.3,1.4,0.1,2.9,2.6,69.4,90.2,26.8,8.5,31.7,27.3,14.5
Congressional District 1 (115th Congress),ID,38.2,91.5,0.5,1.3,1.2,0.1,2.6,2.7,67.8,90.6,25.1,7.8,36.6,26.1,14
Congressional District 2 (115th Congress),ID,34.2,90.4,0.8,1.2,1.5,0.1,3.2,2.6,71.1,89.8,28.6,9.4,50.9,26.1,15
Illinois,,38,71.9,14.3,0.2,5.2,0,6,2.4,70.1,88.6,33.4,13,43.2,14.9,13.5
Congressional District 1 (115th Congress),IL,38.7,40.8,51.1,0.2,1.9,0,3.8,2.1,62.9,88.8,27.7,11.2,40.9,19.3,18.9
Congressional District 2 (115th Congress),IL,37.9,37.1,56.8,0.2,0.7,0,3.4,1.7,61.1,87.6,22.5,8.4,58,21.5,20.3
Congressional District 3 (115th Congress),IL,37.7,75.3,4.8,0.3,4.3,0,13.2,2.1,69.2,85.4,27.3,10,28.9,19.8,11.1
Congressional District 4 (115th Congress),IL,33.7,58.7,4.2,0.5,3.6,0,30.4,2.6,69,70.9,23,7.5,58.6,18.2,19.6
Congressional District 5 (115th Congress),IL,35.6,81.4,2.9,0.3,7.1,0,5.2,3.2,78.7,91.5,53.4,20.9,42.7,25.1,9.3
Congressional District 6 (115th Congress),IL,40.4,83.5,2.6,0.2,9.1,0,2.3,2.2,75.5,94.6,51.5,20.4,61.1,25.6,5.3
Congressional District 7 (115th Congress),IL,34.6,35.6,48.4,0.1,7,0,6.5,2.2,63.7,85.6,40.8,19,55.1,21.4,23.5
Congressional District 8 (115th Congress),IL,37.3,66.6,4.7,0.4,13.3,0.1,12.2,2.8,75.5,85.8,33.2,11,46.2,25.2,9.8
Congressional District 9 (115th Congress),IL,40.2,72.4,8.8,0.2,12.8,0,2.7,3.1,71.8,91.5,52.7,22.4,61.9,19,12
Congressional District 10 (115th Congress),IL,38.2,74.1,6.8,0.2,10.4,0.1,5.8,2.6,73,89.1,44.2,18.7,58.6,18.4,9.2
Congressional District 11 (115th Congress),IL,36.9,65.2,11.2,0.2,7.6,0,12.4,3.3,73.8,86.2,35.1,13.1,49.7,23.3,9.9
Congressional District 12 (115th Congress),IL,39.5,78.5,16.9,0.2,1.2,0,0.8,2.4,64.7,89.4,22.4,9,55.9,23.5,17.8
Congressional District 13 (115th Congress),IL,36.6,80.9,11.5,0.2,3.8,0,0.6,3,66.9,92,30.4,12.4,47.7,27.3,18.5
Congressional District 14 (115th Congress),IL,39.2,87.6,3.1,0.1,4.4,0,2.7,2.1,75.7,93.5,40,14.7,51.4,26,6.1
Congressional District 15 (115th Congress),IL,40.6,93,4.2,0.2,0.7,0,0.5,1.5,68.3,89,19.2,6.4,54.5,26.9,14.4
Congressional District 16 (115th Congress),IL,40.3,90.3,3.9,0.2,1.4,0,2.2,2,70.5,90.5,21.9,8,51,22.5,12.2
Congressional District 17 (115th Congress),IL,40.7,81.9,11.6,0.2,1.4,0,2.1,2.8,67.8,87.3,18.9,6.3,49.1,24.3,17.2
Congressional District 18 (115th Congress),IL,40.5,91,3.8,0.2,2.7,0,0.6,1.8,72.6,93.4,32.2,11.3,50.7,24.1,9.8
Indiana,,37.7,83.9,9.3,0.2,2.1,0,2.2,2.3,69.8,88.3,25.3,9.2,54,20.9,14.6
Congressional District 1 (115th Congress),IN,39.2,70,19,0.3,1.3,0.1,6.6,2.8,66.1,89,22.5,7.7,56.3,21,15.6
Congressional District 2 (115th Congress),IN,37.9,86.6,6.9,0.4,1.2,0.1,2.3,2.6,69.8,85.3,21.4,7.9,58,21,15
Congressional District 3 (115th Congress),IN,37.2,88,6,0.2,2.1,0,1.3,2.5,72.4,87.5,22.4,7.7,53,25.7,13.2
Congressional District 4 (115th Congress),IN,36.8,89.4,3.8,0.2,2.9,0,1.8,1.9,70.2,89.9,25.5,9.4,33.2,18.8,12.9
Congressional District 5 (115th Congress),IN,38.5,84.6,8.1,0.1,3.5,0,1.2,2.6,74.8,93.3,44.9,16.7,51.9,25,9.5
Congressional District 6 (115th Congress),IN,40.3,93.1,2.7,0.2,1.4,0,1,1.6,69.3,88.5,20.8,7.8,51.9,22.5,14.2
Congressional District 7 (115th Congress),IN,33.5,60.1,29.7,0.3,2.9,0,4,3,67.4,83,22.8,7.6,52.6,24.4,22.4
Congressional District 8 (115th Congress),IN,39.1,91.9,4.1,0.2,1,0.1,0.8,2,69,88.4,20.6,7.4,52.2,24.9,14.6
Congressional District 9 (115th Congress),IN,38,91.6,2.8,0.3,2.3,0,0.9,2,69.2,89.4,25.9,10,49.6,22.2,13.7
Iowa,,38.3,90.6,3.4,0.3,2.3,0.1,1.3,2,76.6,91.8,27.7,9,52.3,21.9,12
Congressional District 1 (115th Congress),IA,39.1,91.2,3.7,0.4,1.6,0.1,1.1,1.9,77.9,92.3,26,8.3,54.4,25.5,11.1
Congressional District 2 (115th Congress),IA,38.2,89.8,4.2,0.2,2.3,0.1,1.2,2.1,73.8,91.9,28.1,10.4,54.6,27.7,13.5
Congressional District 3 (115th Congress),IA,37.1,88.8,4.1,0.3,3.1,0.1,1.3,2.3,78.1,91.9,32.2,9.7,52.2,22.5,10.7
Congressional District 4 (115th Congress),IA,39.2,92.6,1.6,0.5,2.1,0.1,1.5,1.6,76.6,91.2,24.1,7.4,54,26.5,12.7
Kansas,,36.7,84.9,5.8,0.8,2.8,0.1,2.2,3.4,73.4,90.5,32.3,11.7,52.1,23.4,12.8
Congressional District 1 (115th Congress),KS,35.4,88.4,3,0.6,1.6,0.1,3.4,2.9,73.2,88.1,24.3,8.2,51.7,18.5,14
Congressional District 2 (115th Congress),KS,37.9,87.3,4.6,1.4,1.6,0.1,1.2,3.9,71.1,91.8,28.4,11.1,51.2,22.2,14.5
Congressional District 3 (115th Congress),KS,36.7,81,8.6,0.3,4.5,0.1,2.4,3.2,76.6,92.2,46.5,17.3,51,23.3,9
Congressional District 4 (115th Congress),KS,36.7,83.2,6.9,1,3.3,0,2.1,3.5,72.3,89.7,28.9,9.8,53.6,26.7,14
Kentucky,,38.9,87.3,8,0.2,1.3,0.1,0.9,2.2,64.8,85.2,23.2,9.6,54.4,22.3,18.3
Congressional District 1 (115th Congress),KY,40.3,89.3,7,0.2,0.6,0.1,0.8,2,61.9,83.4,16.2,6.9,42.9,22.9,19.3
Congressional District 2 (115th Congress),KY,38.4,89.5,5.5,0.3,1.3,0.1,1,2.4,67.1,86.3,19.9,8.2,54.3,21.8,16.2
Congressional District 3 (115th Congress),KY,37.9,71.9,21.7,0.1,2.6,0.1,0.8,2.8,71.7,89.5,31.4,13.1,52.6,25.8,15.3
Congressional District 4 (115th Congress),KY,39,92.2,3.4,0.1,1.2,0,1.1,2.1,69.6,88.9,27.2,10.3,48.5,20.6,13
Congressional District 5 (115th Congress),KY,40.9,96.6,1.4,0.2,0.4,0,0.3,1.1,48.6,75.5,12.9,6,46.7,23.1,28.3
Congressional District 6 (115th Congress),KY,37.1,84.9,8.6,0.3,1.9,0,1.7,2.5,68.6,87.2,30.8,12.6,49.9,24.7,18.2
Louisiana,,36.8,62.4,32.2,0.6,1.7,0,1.2,1.9,63.9,84.3,23.4,8.1,35,22.4,19.6
Congressional District 1 (115th Congress),LA,38.3,79,13.7,1.2,2.2,0,1.7,2.1,68.7,87.1,29.7,10.6,52.1,22.2,14.2
Congressional District 2 (115th Congress),LA,36.6,31.5,62,0.2,2.7,0,1.9,1.7,62.2,81.9,22.8,8.5,45.6,24.3,25
Congressional District 3 (115th Congress),LA,36.1,70.6,24.5,0.3,1.5,0,0.9,2.2,66.4,83,20.9,6.4,46.8,25.2,17.8
Congressional District 4 (115th Congress),LA,37.1,60.9,34,0.8,0.9,0.1,1,2.2,59.7,84.7,19.9,6.9,46,20.1,22
Congressional District 5 (115th Congress),LA,37.5,61.6,35.5,0.4,0.7,0,0.5,1.2,55.9,80.8,17.6,5.8,47.9,22.7,25
Congressional District 6 (115th Congress),LA,35.6,70.6,23.7,0.5,2.2,0,1.2,1.8,69.9,88.1,28.9,9.9,50.8,25.5,14.1
Maine,,44.6,94.6,1.3,0.6,1.1,0,0.2,2.1,71.9,92.1,30.3,10.9,51.3,25.1,12.9
Congressional District 1 (115th Congress),ME,44,94.3,1.7,0.4,1.5,0,0.2,1.9,75.4,93.6,36.9,13.6,50.3,26,10.6
Congressional District 2 (115th Congress),ME,45.1,95,0.8,0.9,0.7,0,0.2,2.3,68.3,90.6,23.4,8.2,48.7,22.5,15.2
Maryland,,38.7,56.6,29.7,0.3,6.2,0,3.9,3.2,73,89.8,39,18,57.4,26.7,9.7
Congressional District 1 (115th Congress),MD,42.6,82.5,12.1,0.2,2.1,0,0.9,2.2,72.5,90.3,31,12.6,42.2,22.3,9.6
Congressional District 2 (115th Congress),MD,36.3,54.7,34.1,0.3,5.5,0,1.8,3.6,71.7,88.8,31.5,12.6,46.2,22.1,11.4
Congressional District 3 (115th Congress),MD,37.3,63.8,22,0.2,7.2,0.1,3,3.5,75.7,91.5,47.3,22.4,43.7,18.3,8.1
Congressional District 4 (115th Congress),MD,38.1,31.4,52.5,0.3,3,0,10.2,2.5,75.6,86.6,32.8,13.8,53.2,19.1,8.7
Congressional District 5 (115th Congress),MD,38.2,50,38.4,0.4,4.2,0.1,3.2,3.8,72.9,91.2,34.5,14.8,58.1,23.5,7.3
Congressional District 6 (115th Congress),MD,38.9,67.6,13.5,0.3,11.1,0.1,3.6,3.8,72.5,90.2,41.9,20.2,35.9,23.7,9.4
Congressional District 7 (115th Congress),MD,38.9,35.6,53.7,0.3,7.1,0,0.9,2.4,65.7,88.2,37.7,17.7,51.5,23.8,16.6
Congressional District 8 (115th Congress),MD,40.4,67.1,12.2,0.3,9.3,0,7.7,3.4,76.9,91.4,54.4,29.2,48,24.5,6.8
Massachusetts,,39.5,78.9,7.4,0.2,6.3,0,4.1,3.1,73.2,90.3,42.1,18.7,48.7,25.3,11.1
Congressional District 1 (115th Congress),MA,40.8,84.5,6.3,0.3,2,0,4.3,2.6,69.2,87.7,29.2,12.1,48.1,24.1,14.7
Congressional District 2 (115th Congress),MA,39.6,83.9,5.2,0.2,5.5,0,2.3,2.9,70.7,91,37.9,16.2,51.2,23.1,12.2
Congressional District 3 (115th Congress),MA,39.1,78.1,3.7,0.3,7.8,0,7.3,2.9,72.8,88.3,37.5,16.4,51.8,25.1,11.7
Congressional District 4 (115th Congress),MA,41.1,86.8,3,0.1,5.9,0,1.7,2.5,74.7,93,50.3,24.4,53.5,22.2,6.8
Congressional District 5 (115th Congress),MA,38.1,77.8,5.1,0.2,11.3,0,2.7,2.9,75.9,93.1,56,28.8,53.2,26.5,8.1
Congressional District 6 (115th Congress),MA,42.9,85.3,3.5,0.1,4.2,0,4.4,2.4,75.7,92.6,43.6,17.6,48.5,25.8,7.7
Congressional District 7 (115th Congress),MA,31.7,50.4,25.7,0.3,10,0,6.9,6.5,70.7,84.3,43.1,20,26.5,18,20
Congressional District 8 (115th Congress),MA,39.8,76.6,10,0.2,7.9,0,3,2.3,76.2,92,45.9,18.7,47.2,24.8,9.1
Congressional District 9 (115th Congress),MA,46.1,88.5,2.9,0.3,1.4,0,4.3,2.6,72.9,90,34.3,13.5,52,29.8,9.9
Michigan,,39.8,78.7,13.8,0.5,2.9,0,1.2,2.8,67.3,90.2,28.1,11,50,23.5,15.6
Congressional District 1 (115th Congress),MI,46.6,92.3,1.6,2.4,0.7,0,0.3,2.8,64.9,92,24.6,9,53.7,30.2,14.4
Congressional District 2 (115th Congress),MI,37.6,85,6.3,0.5,2.3,0,2.6,3.3,71.2,89.8,25.4,8.1,57.4,24,13.8
Congressional District 3 (115th Congress),MI,37.1,84.1,8.7,0.4,1.9,0,1.8,3.1,70.9,90.7,30.7,10.7,52.3,20,13.8
Congressional District 4 (115th Congress),MI,41.6,94,1.8,0.7,1,0,0.3,2.1,63.9,90.6,21.4,7.9,53.2,25.6,16.3
Congressional District 5 (115th Congress),MI,41.8,77.4,17.3,0.4,0.9,0,0.8,3.1,62,89.1,19.3,7,46.3,23.8,19.9
Congressional District 6 (115th Congress),MI,38.7,84.7,8.3,0.4,1.6,0,1.4,3.6,70,90.6,27.3,10.6,50.5,23.2,15.4
Congressional District 7 (115th Congress),MI,42.3,91.2,4.3,0.4,1,0,0.8,2.3,67.8,91.5,23.8,8.7,53.9,23.8,12.2
Congressional District 8 (115th Congress),MI,38.4,85.5,5.4,0.3,4.3,0,1,3.4,70.5,94.4,40.2,16.7,55,18.9,11.7
Congressional District 9 (115th Congress),MI,40.3,79.3,13,0.4,4.3,0,0.6,2.5,70.6,89.6,29.7,11.4,52.9,23.3,13.5
Congressional District 10 (115th Congress),MI,43,92.7,2.8,0.2,1.7,0,0.5,2.1,70.5,90.7,23.1,8.4,59.3,23.1,10
Congressional District 11 (115th Congress),MI,42,81.8,5.2,0.3,9.8,0,0.7,2.2,74.6,94.7,46.6,19.6,55.5,21.7,6.2
Congressional District 12 (115th Congress),MI,35.9,79,10.7,0.3,5.3,0,1.3,3.5,67.1,89.9,34,16.3,42.8,26.3,16.8
Congressional District 13 (115th Congress),MI,36.4,37.8,55.1,0.5,1.3,0,3,2.3,56,81.8,15,5.4,29.2,22.9,31.5
Congressional District 14 (115th Congress),MI,37.4,34.3,56.7,0.2,4.5,0,1.3,3,60.2,86.8,30.3,13.7,34.1,25.9,23.7
Minnesota,,37.9,83.7,6,1,4.7,0,1.7,2.8,78,92.8,34.8,11.8,48.5,19.5,10.5
Congressional District 1 (115th Congress),MN,38.3,90.7,3,0.3,2.7,0,1.5,1.8,78.9,91.7,27.8,9.7,52.1,21.2,11.4
Congressional District 2 (115th Congress),MN,37.5,84.9,4.5,0.4,4.6,0.1,2.5,3,81,94.6,38.2,11.8,54.4,25.5,6.8
Congressional District 3 (115th Congress),MN,40.4,81,7.3,0.3,7.2,0.1,1.3,2.8,79.6,95.5,48.2,16.8,60.2,15.9,5.9
Congressional District 4 (115th Congress),MN,36,71.4,9.9,0.6,12.2,0,1.8,4,75.9,91.6,42.9,16.8,55.2,20.5,12.7
Congressional District 5 (115th Congress),MN,33.8,67.3,16.7,1,6.2,0,4.3,4.5,77,90.4,44.7,16.5,43.1,21.7,16.4
Congressional District 6 (115th Congress),MN,37,91.2,3,0.5,2.3,0,0.9,2.2,80.4,94.5,29.6,8.5,34,17.4,7.2
Congressional District 7 (115th Congress),MN,40.8,91.8,1.3,2.9,0.9,0,1.2,1.9,78.2,91.1,21.8,6,61.4,15.8,11.4
Congressional District 8 (115th Congress),MN,42.8,93,1.1,2.6,0.8,0,0.3,2.2,72.7,92.7,23,7.4,54.9,27.3,12.3
Mississippi,,37.5,58.8,37.6,0.4,1,0,0.9,1.3,61.1,83.4,21.3,8,53.2,26.2,21.5
Congressional District 1 (115th Congress),MS,38.1,69.1,27.3,0.1,0.8,0,1.2,1.4,64.2,82.8,19.9,7.1,46.5,24.2,18.1
Congressional District 2 (115th Congress),MS,36.7,31.5,65.9,0.3,0.5,0,1,0.8,55.1,80,18.7,7.2,50.6,24.4,29
Congressional District 3 (115th Congress),MS,37.5,61.2,35.2,1,1,0,0.7,0.9,62.8,85.2,25.6,10,36.5,23.8,19.9
Congressional District 4 (115th Congress),MS,37.4,71.8,23.5,0.3,1.5,0,0.9,1.9,61.9,85.3,20.9,7.8,47.8,24.5,19.4
Missouri,,38.5,82.4,11.6,0.4,1.9,0.1,1.2,2.5,70.1,89.2,28.2,10.7,50,23.9,14.6
Congressional District 1 (115th Congress),MO,36,43.3,49.6,0.2,3,0,1,3,68.1,88.2,31.1,13.5,50,23.8,19.8
Congressional District 2 (115th Congress),MO,42.8,89.3,3.8,0.1,4.4,0,0.6,1.8,77,94.9,48.8,19.9,34,23.7,5.4
Congressional District 3 (115th Congress),MO,38.9,92.8,3.3,0.3,1,0,0.6,1.9,72.8,90.1,25.3,8.4,60.7,22.2,10.4
Congressional District 4 (115th Congress),MO,36.9,89.2,4.6,0.5,1.5,0.1,0.9,3.1,67.2,88.6,24.7,9.6,45,21.4,16.6
Congressional District 5 (115th Congress),MO,36.9,68.4,21.9,0.4,1.8,0.3,4,3.2,71.6,89.1,27.2,9.9,56.1,26.1,16.7
Congressional District 6 (115th Congress),MO,38.6,90.6,4.2,0.4,1.3,0.1,0.8,2.6,72.2,91.1,27.4,9.5,41.1,22.8,12.1
Congressional District 7 (115th Congress),MO,37.9,92,1.9,0.9,1.2,0.2,1.1,2.7,69.1,88.7,24,8.3,54.3,22.6,16.5
Congressional District 8 (115th Congress),MO,40.9,92.1,4.6,0.5,0.6,0,0.4,1.8,62.1,82.6,15.7,5.9,52.2,24.5,20
Montana,,40,89,0.4,6.5,0.7,0.1,0.5,2.8,71.7,93,30.7,10.1,51.8,28,14.4
Congressional District 0 (115th Hidden easter eggCongress),MT,40,89,0.4,6.5,0.7,0.1,0.5,2.8,71.7,93,30.7,10.1,53.4,23,14.4
Nebraska,,36.5,87.8,4.7,0.8,2.2,0.1,1.9,2.4,77.8,90.9,30.6,10.2,51.6,24.7,12
Congressional District 1 (115th Congress),NE,35.6,88.9,3,1.2,2.6,0.1,1.6,2.6,78.1,92.1,30.8,10.4,51.6,24.7,12
Congressional District 2 (115th Congress),NE,34.9,81.8,9.7,0.5,3.2,0.1,1.9,2.9,77.4,90.8,38.9,13.6,51.8,22.9,11.9
Congressional District 3 (115th Congress),NE,39.9,93.2,1.2,0.9,0.8,0.1,2.1,1.6,78,89.8,21.7,6.6,53.6,22.4,12
Nevada,,38,67.1,8.8,1.1,8.1,0.7,9.7,4.7,68.3,85.8,23.7,8.1,46.6,18.6,14.2
Congressional District 1 (115th Congress),NV,36.5,54,11.4,0.8,8.4,0.7,20.2,4.4,65.9,76.9,15.2,4.6,55.3,27.9,21.2
Congressional District 2 (115th Congress),NV,39.7,81.9,1.9,2.2,4,0.5,5.7,3.8,70,87.6,26.1,9.6,47.7,21.8,13
Congressional District 3 (115th Congress),NV,39.3,68.1,7,0.5,13.9,0.8,4.4,5.4,72.2,92.6,31.8,10.9,44,19.5,9.2
Congressional District 4 (115th Congress),NV,36.7,64,14.7,1,5.6,0.6,9.1,4.9,64.9,85.1,20.4,6.7,50.7,24.3,14.2
New Hampshire,,43.2,93.4,1.4,0.2,2.5,0,0.5,2,75.8,92.8,36,13.8,48.1,21.4,8.1
Congressional District 1 (115th Congress),NH,42,93.6,1.5,0.1,2.4,0,0.5,1.9,76.8,93.1,37,13.6,54.5,22.7,8
Congressional District 2 (115th Congress),NH,44.3,93.2,1.3,0.2,2.6,0,0.6,2,74.8,92.6,35.1,14,53.6,21.8,8.2
New Jersey,,39.8,67.9,13.5,0.2,9.4,0,6.4,2.6,70.7,89.2,38.1,14.7,55.4,23.6,10.7
Congressional District 1 (115th Congress),NJ,39.4,67.9,17.2,0.2,5.1,0,6.6,2.9,71,89.7,30.5,10.7,51.9,25.4,11.8
Congressional District 2 (115th Congress),NJ,42.2,75.4,12.4,0.3,4,0,4.5,3.3,67.2,86.5,25.5,8.6,47.4,23.2,13.5
Congressional District 3 (115th Congress),NJ,43.5,80.4,10.8,0.1,3.7,0.1,2,3,71.9,92.9,33.2,11.5,49.2,26.5,6.7
Congressional District 4 (115th Congress),NJ,40.7,85,6.5,0.1,4.2,0,2.4,1.8,71.8,92,39.4,15,57.3,31,9.5
Congressional District 5 (115th Congress),NJ,42.6,78.8,5.2,0.2,10.6,0,3.3,1.9,73.2,93.4,46.6,17.6,55.6,29.9,5.6
Congressional District 6 (115th Congress),NJ,37.7,63.5,10.4,0.2,19,0,4.5,2.4,68.6,88.5,39.1,15.8,64.2,26.1,10.2
Congressional District 7 (115th Congress),NJ,43.1,79.7,4.8,0.1,9.9,0,3.8,1.8,74.4,94.1,52.2,22.7,48.7,22.8,4.9
Congressional District 8 (115th Congress),NJ,35,57,10.2,0.4,8.9,0.1,20,3.5,71.6,78.9,31.6,11.7,62.5,25.2,17.6
Congressional District 9 (115th Congress),NJ,37.8,59.1,10.4,0.3,13.4,0,13.4,3.3,68.7,85.1,33.1,11.6,49.2,25.4,15.3
Congressional District 10 (115th Congress),NJ,35.9,29,52.3,0.3,7.2,0,8.8,2.4,64.8,85.8,28.4,10,48.7,26.1,19
Congressional District 11 (115th Congress),NJ,43.3,82.4,3.7,0.1,10,0,1.6,2.2,75.1,94.5,52.8,21.6,32.8,22.6,4.3
Congressional District 12 (115th Congress),NJ,39.5,58.6,17.5,0.3,16.6,0,5,2,70.8,89.3,44,19.8,62.5,24.7,9.2
New Mexico,,37.7,74.2,2,9.5,1.4,0.1,9.5,3.3,63.3,85,26.9,11.8,58.9,25.7,20.6
Congressional District 1 (115th Congress),NM,38.6,74.5,2.8,4.4,2.3,0.1,12,4.1,67,88,32.6,14.7,36.7,19.9,18.5
Congressional District 2 (115th Congress),NM,35.6,83.7,1.8,5.3,0.8,0,6,2.4,60.9,80.5,20.6,8.1,47.1,23.9,22.9
Congressional District 3 (115th Congress),NM,38.4,64.6,1.5,18.6,1.2,0.1,10.5,3.4,62,86.2,27.1,12.3,43.6,21.6,20.3
New York,,38.7,63.8,15.7,0.4,8.3,0,8.7,3,68.5,86.1,35.3,15.4,49.9,27,15.1
Congressional District 1 (115th Congress),NY,42.7,86.8,5.2,0.3,4.1,0,1.7,1.9,70.8,91.8,35.3,16.5,48.2,23.5,7.1
Congressional District 2 (115th Congress),NY,39.2,75.3,10.3,0.2,3.1,0,7.9,3.2,73.3,88.3,29.9,12.2,45.3,25.3,6.8
Congressional District 3 (115th Congress),NY,45.4,75,3.3,0.2,15.4,0,4.1,2,71.2,92.8,52,24.5,60,26.7,5.6
Congressional District 4 (115th Congress),NY,40.6,65.5,14.5,0.3,6.6,0,8.7,4.3,72.1,89.4,41.4,18.6,62.8,27,6.8
Congressional District 5 (115th Congress),NY,37.5,18.3,49.1,0.4,13.9,0.1,14.1,4,67.2,81.4,24.8,8.5,63.3,30.2,12.4
Congressional District 6 (115th Congress),NY,40.9,44.9,3.9,0.3,39.9,0,7.9,3,69.4,83.5,35.7,14.2,58.6,30.5,13.5
Congressional District 7 (115th Congress),NY,33.5,48.7,11.1,0.5,18.8,0,17.2,3.6,66.9,71.6,32.3,12.2,53.5,30.3,24.9
Congressional District 8 (115th Congress),NY,36.1,29.7,54.1,0.3,5.5,0,7.6,2.6,64.3,83.1,31.1,11.8,43.5,26.9,22.5
Congressional District 9 (115th Congress),NY,36.8,35.2,49.2,0.2,7.2,0,5.7,2.6,67.1,85.2,36.8,15.6,38.2,25.8,18.6
Congressional District 10 (115th Congress),NY,37,69.2,4.1,0.3,18.7,0,5,2.6,72,87.9,60.4,29.9,34.2,22.6,16.7
Congressional District 11 (115th Congress),NY,40,71.2,7.7,0.3,13.7,0.1,4.6,2.4,65.7,86.1,34.2,13.7,49.7,30.2,14
Congressional District 12 (115th Congress),NY,35.7,73.1,5,0.2,13.9,0.1,4.5,3.2,77.4,93.7,72,32.8,30.9,22.4,11
Congressional District 13 (115th Congress),NY,34.9,26.6,29.7,0.7,4.6,0.1,32,6.3,64.1,73.7,30.5,12.3,31.4,20.7,28.3
Congressional District 14 (115th Congress),NY,38.8,45.4,11.1,0.5,17.2,0.1,22.6,3.2,68.6,76,25.9,9.1,34.7,21.4,16.2
Congressional District 15 (115th Congress),NY,31.4,14.8,33.3,0.7,1.9,0.1,46.1,3.3,55.6,64.6,13.2,3.6,54.2,27.2,38.2
Congressional District 16 (115th Congress),NY,40.5,47.1,32.9,0.4,5.2,0,11,3.3,68.3,85.2,39.3,18.9,30.7,20.6,12.9
Congressional District 17 (115th Congress),NY,38.8,69.5,10.7,0.4,6,0,10.7,2.7,72.1,87.7,45.7,22,22.8,24.1,10.6
Congressional District 18 (115th Congress),NY,39.5,77,9.7,0.3,3.1,0,6.6,3.2,69.7,90.8,35.6,15.6,22,18.1,9.8
Congressional District 19 (115th Congress),NY,44.9,89.3,4.4,0.2,1.7,0,1.9,2.5,67.1,89.7,28.4,12.8,41.1,25.5,12.5
Congressional District 20 (115th Congress),NY,39.3,80.1,9.2,0.2,5,0,2,3.5,71.5,92,37.4,17,54.5,27.5,12
Congressional District 21 (115th Congress),NY,40.6,91.9,3.2,0.9,1,0.1,1,2,64.8,89.1,23.2,10.4,60.6,23.4,14
Congressional District 22 (115th Congress),NY,41.1,89.7,4.2,0.2,2.7,0,0.9,2.2,66.4,89.3,24.3,10.3,53.3,25.7,15.5
Congressional District 23 (115th Congress),NY,40.5,90.9,2.9,0.6,2.5,0,0.9,2.2,65,89.7,25.9,12.4,43.4,25.3,16.3
Congressional District 24 (115th Congress),NY,40,84.5,8.3,0.4,2.8,0,1,3,68.6,89.9,30.4,13.2,45.8,25,14.7
Congressional District 25 (115th Congress),NY,38.9,75.2,15.7,0.4,3.8,0,1.8,3,70.9,90.2,36.9,16.4,51.9,24.4,15.1
Congressional District 26 (115th Congress),NY,38.2,71.6,18.3,0.4,4,0,2.7,2.9,68.5,89.6,30.7,13.6,48.8,26.9,19
Congressional District 27 (115th Congress),NY,44.2,93.4,2.5,0.7,1.1,0,0.8,1.5,72.1,92.5,29.5,12.7,48.4,25.1,9
North Carolina,,38.8,69,21.5,1.2,2.7,0.1,3.1,2.5,67.6,86.9,29.9,10.6,54.1,26.2,16.1
Congressional District 1 (115th Congress),NC,38,47.1,44.6,0.8,2,0,2.9,2.5,63.2,82.7,26.8,11,44.9,27.2,21.7
Congressional District 2 (115th Congress),NC,38.7,71.9,19.6,0.6,1.8,0.1,3.3,2.8,70,89.7,34.7,11.6,33.9,23.5,11.4
Congressional District 3 (115th Congress),NC,37,72.4,20.4,0.4,1.5,0.1,1.8,3.3,65.3,87.9,22.5,7.9,52.7,26.6,15.8
Congressional District 4 (115th Congress),NC,34.9,62.2,22.4,0.4,8.4,0,3.9,2.7,74,91.9,53.1,22.2,49.5,22.4,12.5
Congressional District 5 (115th Congress),NC,40.8,79.2,14.6,0.3,1.4,0.1,2.6,1.8,65.4,84.9,26.2,9.5,41.4,26.8,18.7
Congressional District 6 (115th Congress),NC,41.1,71.7,20.2,0.4,1.6,0.1,3.8,2.2,68,84.3,23.7,8.3,49.4,20.1,16.5
Congressional District 7 (115th Congress),NC,41.7,73.6,19.4,0.8,0.8,0.1,3,2.3,65.1,85.5,24.9,8.1,53.6,22.5,19.3
Congressional District 8 (115th Congress),NC,36.2,67.1,22.8,1.1,2.2,0.1,3.1,3.6,65.9,88.4,25.6,8.5,51.6,15.8,15.4
Congressional District 9 (115th Congress),NC,39.1,65.6,19.2,7.9,2.5,0,2.3,2.4,65.5,87.3,33.1,11.2,54.5,25.3,15.6
Congressional District 10 (115th Congress),NC,41.9,81.1,12,0.3,1.6,0,2.9,2,67.1,85.3,23.7,8,54.9,25.1,15.8
Congressional District 11 (115th Congress),NC,45.5,90.1,3.3,1.6,1.2,0.1,2.1,1.7,65.4,85.6,24.6,9.1,47.5,24.7,16.3
Congressional District 12 (115th Congress),NC,34.1,48.1,37.1,0.3,5.5,0.1,5.8,3,73.6,88.2,39.4,12.9,46.4,19.9,15.4
Congressional District 13 (115th Congress),NC,39.5,69.7,22.2,0.4,3.4,0,2.3,2,68,87.3,28.1,9.3,54.6,17.8,16.3
North Dakota,,35.4,87.7,2.3,5.3,1.4,0,0.9,2.3,79,92.3,28.9,7.8,54.2,25.8,11
Congressional District 0 (115th Congress),ND,35.4,87.7,2.3,5.3,1.4,0,0.9,2.3,79,92.3,28.9,7.8,51.3,30.1,11
Ohio,,39.3,81.9,12.3,0.2,2,0,0.9,2.7,69.8,89.8,27.2,10.2,39.2,19.3,14.9
Congressional District 1 (115th Congress),OH,36.8,71.1,22,0.1,3.4,0.1,0.9,2.4,69.4,90.2,33.9,12.6,43.9,18.7,15.9
Congressional District 2 (115th Congress),OH,40.1,87.2,8.5,0.2,1.4,0,0.5,2.3,70.2,89.3,31.1,12.1,50.9,23.4,14.1
Congressional District 3 (115th Congress),OH,32.6,56.1,33.2,0.2,4,0.1,2,4.5,69.9,87.4,27.8,9.4,50.9,23.4,22.5
Congressional District 4 (115th Congress),OH,40.8,90.3,5.1,0.2,0.9,0,0.9,2.6,69.5,89.9,17.6,6.4,49,24.1,13.5
Congressional District 5 (115th Congress),OH,39.5,92.1,2.8,0.2,1.3,0,1.5,2.1,74.1,92.7,25.9,10.1,39.7,23.3,11.2
Congressional District 6 (115th Congress),OH,43.5,95.2,2.3,0.2,0.4,0,0.3,1.6,63.4,87.7,15.9,5.9,53,22.7,16.5
Congressional District 7 (115th Congress),OH,41.2,92.5,4,0.1,0.6,0,0.4,2.3,71.7,87.9,19.9,6.8,47.6,24.5,12.7
Congressional District 8 (115th Congress),OH,38.7,88.7,6,0.2,1.8,0.1,0.7,2.4,70.9,89.4,23.9,8.8,53.9,25.2,12.8
Congressional District 9 (115th Congress),OH,38,74.5,16.3,0.4,1.4,0,2.8,4.6,67.2,86.5,21.8,7.8,56.6,24.5,20.6
Congressional District 10 (115th Congress),OH,39,76.9,16.9,0.2,2.2,0,0.7,3.1,67.8,90.5,29.1,12.3,52.9,27.7,16.6
Congressional District 11 (115th Congress),OH,39,39.6,53.3,0.3,2.5,0,1.2,3.1,61.7,86.2,26.7,12,52.9,23.2,26.8
Congressional District 12 (115th Congress),OH,38.3,87.7,4.6,0.2,4,0,0.6,3,74.1,92.9,40.3,14.8,53.4,22.6,9.8
Congressional District 13 (115th Congress),OH,40.6,82.9,11.7,0.2,1.7,0,0.6,2.9,67.7,89.6,22.4,7.6,45.9,24.6,17.8
Congressional District 14 (115th Congress),OH,43.7,91,4.5,0.1,2.1,0,0.4,1.9,73.7,92,34.3,13.2,43,26.1,8.6
Congressional District 15 (115th Congress),OH,37.7,90.7,4,0.1,2.4,0,0.5,2.3,68.8,90.7,31,11.7,30.2,26.4,12.3
Congressional District 16 (115th Congress),OH,43.3,93.4,2.1,0.2,2.2,0,0.4,1.7,76.1,93.1,33,11.9,48.8,18.4,7.4
Oklahoma,,36.6,72.6,7.3,7.4,2.1,0.1,2.7,7.8,67.1,87.5,24.8,8.3,50.3,24.7,16.2
Congressional District 1 (115th Congress),OK,36.2,71.5,8.6,5.6,2.8,0.1,3.4,8.2,71.4,89.3,29.7,9.4,56.5,25.9,14.8
Congressional District 2 (115th Congress),OK,40.3,66.7,3.4,16.8,0.6,0.2,1.6,10.6,60.4,84.8,16.8,5.4,43.9,17.7,19.8
Congressional District 3 (115th Congress),OK,36.6,79.3,3.6,6,1.5,0.3,3.5,5.8,66.4,87.8,22.5,7.2,54.2,25.8,15.2
Congressional District 4 (115th Congress),OK,35.8,76.2,6.8,5,2.4,0.1,1.7,7.8,67.9,89.4,24.8,8.6,44.7,26.1,13.7
Congressional District 5 (115th Congress),OK,34.8,69.1,13.6,4.3,3.1,0.1,3.2,6.6,68.8,86.3,30.1,10.7,53.8,26.5,17.6
Oregon,,39.3,84.9,1.9,1.1,4.1,0.4,3,4.6,68.7,90.2,32.3,12.2,50.4,24.1,14.9
Congressional District 1 (115th Congress),OR,37.8,81,1.6,0.7,7.5,0.3,4,4.8,72.2,91.4,40.2,15.3,49.1,21.6,10.8
Congressional District 2 (115th Congress),OR,42.3,90.1,0.6,1.9,1,0.2,2.6,3.5,65.7,88.6,24.2,8.8,52.3,28.5,16.1
Congressional District 3 (115th Congress),OR,37.5,78.7,5.2,0.9,6.8,0.6,2.7,5.1,72.1,90.7,39.8,15.2,54.2,25.5,16.1
Congressional District 4 (115th Congress),OR,41.1,89.2,0.9,1.2,2.3,0.2,1.8,4.4,63.5,91,26.5,10.6,52.5,22.6,18.4
Congressional District 5 (115th Congress),OR,39.3,85.8,1.1,1,2.8,0.5,3.8,5,69.1,89.4,30,10.9,44.5,22.5,13.2
Pennsylvania,,40.8,81.1,11.1,0.2,3.3,0,2,2.3,69.6,89.9,30.1,11.8,50,23.4,13.1
Congressional District 1 (115th Congress),PA,34.1,46.8,36.1,0.3,7.2,0,6.6,2.9,62.1,82.8,26.5,10.6,50.2,18.9,24.3
Congressional District 2 (115th Congress),PA,34.7,32.2,57.7,0.3,5.1,0.1,2,2.6,58.1,86.7,34.9,17,53.2,27.6,27
Congressional District 3 (115th Congress),PA,43,91.7,4.6,0.1,1,0,0.5,2,68,90.6,25.4,9.1,44,19,13.9
Congressional District 4 (115th Congress),PA,40.5,85.2,7.8,0.1,2.5,0,1.8,2.5,73.3,89.3,26.3,9.6,49.5,27.3,10.5
Congressional District 5 (115th Congress),PA,41.5,93.6,2.6,0.2,1.8,0,0.3,1.5,64.6,90.7,24.3,9.4,52.9,24.4,15.1
Congressional District 6 (115th Congress),PA,40.7,86.4,4.5,0.1,4.7,0,2,2.2,75.6,93.2,43.2,17.1,49.7,27,7.1
Congressional District 7 (115th Congress),PA,41.9,86.8,5.6,0.1,4.9,0,0.7,1.9,73.6,92.7,43,18.3,26.1,22.5,5.7
Congressional District 8 (115th Congress),PA,43.7,88.3,3.9,0.2,4.9,0,1.1,1.7,75.8,93.6,39.2,15.7,25.2,24.1,6
Congressional District 9 (115th Congress),PA,43.8,94.4,2.8,0.1,0.6,0.1,0.3,1.7,66.6,88.6,18.6,6.7,52,26.9,14.6
Congressional District 10 (115th Congress),PA,44.3,92.9,3.6,0.2,0.9,0,0.8,1.6,67.5,88.6,21.6,8.1,56.4,29.1,12
Congressional District 11 (115th Congress),PA,42.9,88.7,5.6,0.2,1.7,0,1.9,1.9,70.3,89.8,24,8.9,52.1,27.8,12
Congressional District 12 (115th Congress),PA,45.6,92.7,3.2,0.1,1.9,0,0.3,1.8,72.2,93.3,32.6,12.9,55.2,24,9.3
Congressional District 13 (115th Congress),PA,38.3,63.9,18.8,0.3,9.2,0.1,4.9,2.8,71,88.1,34.5,13.6,52.6,26.9,13.9
Congressional District 14 (115th Congress),PA,38.4,71.4,21.3,0.1,3.2,0,0.5,3.4,69.4,92.6,33.4,13.9,59,25.7,18.2
Congressional District 15 (115th Congress),PA,40,84.2,5,0.2,2.7,0,5.2,2.7,72.1,89.1,28.6,11.3,56.2,28.5,11.3
Congressional District 16 (115th Congress),PA,37.5,82.4,6.7,0.5,1.9,0,4,4.4,72.7,84.2,26,9.4,53.7,29.5,13.7
Congressional District 17 (115th Congress),PA,43.1,87.8,6.1,0.2,1.9,0,1.7,2.3,67.7,89,21.9,7.7,49.1,29.3,13.7
Congressional District 18 (115th Congress),PA,44.4,93.6,2.3,0.1,2,0,0.2,1.8,73.6,94.1,36.2,13.4,49.1,31.7,8.1
Rhode Island,,39.5,80.9,6.5,0.5,3.4,0.1,5.7,3,71,87.3,33,13.1,50.1,27.4,13.4
Congressional District 1 (115th Congress),RI,38.5,76.9,8.9,0.6,3.6,0.1,6.6,3.4,69.9,85.4,32.8,13.4,32.7,27.4,15.3
Congressional District 2 (115th Congress),RI,40.5,85.1,4,0.5,3.2,0,4.8,2.5,72.1,89.3,33.2,12.9,53.9,27,11.4
South Carolina,,39.4,67.3,27.2,0.3,1.5,0.1,1.5,2.1,66.4,86.5,27,9.8,57,24.5,16.6
Congressional District 1 (115th Congress),SC,39.5,74.7,18.9,0.3,1.8,0,1.9,2.5,72.5,92.7,38.9,14.5,50.7,26.6,10.8
Congressional District 2 (115th Congress),SC,38.7,70.5,23.4,0.2,1.9,0.1,1.4,2.4,70.2,89.5,33.3,12.4,54.9,28.9,13.3
Congressional District 3 (115th Congress),SC,40.6,76.8,18.5,0.2,0.9,0,1.6,1.9,63.9,83.2,21,7.8,55.8,25.1,17.9
Congressional District 4 (115th Congress),SC,38.2,74.5,19,0.2,2.4,0.1,1.7,2.1,69.3,86.6,30.7,11.2,46.7,25.3,14.3
Congressional District 5 (115th Congress),SC,40.1,68.2,26.7,0.4,1.1,0,1.2,2.3,65.2,85.2,23.2,7.9,45.3,26,16.5
Congressional District 6 (115th Congress),SC,36,38.1,57,0.3,1.1,0.1,1.4,2,59.4,82.4,19.3,7.2,48.1,24.7,25.1
Congressional District 7 (115th Congress),SC,42.9,66.6,28.8,0.6,0.9,0.1,1.4,1.7,63.5,85.1,20.8,7.3,48.4,24.1,19.7
South Dakota,,36.9,84.7,1.7,8.7,1.4,0,0.8,2.7,76.9,91.4,27.8,8.3,48.2,23.3,13.9
Congressional District 0 (115th ur potatoCongress),SD,36.9,84.7,1.7,8.7,1.4,0,0.8,2.7,76.9,91.4,27.8,8.3,50.6,22.8,13.9
Tennessee,,38.6,77.8,16.8,0.3,1.7,0.1,1.3,2.1,66.9,86.5,26.1,9.6,52,26.2,16.7
Congressional District 1 (115th Congress),TN,43.7,93.8,2.3,0.3,0.7,0,1,1.9,63.5,84.1,19.5,7.4,49.9,23,18.4
Congressional District 2 (115th Congress),TN,39.7,89.1,6.2,0.3,1.6,0.1,0.8,2,68.3,88.7,30.2,11.7,48.8,24.2,15.4
Congressional District 3 (115th Congress),TN,41.8,85.2,10.7,0.2,1.3,0,0.7,1.8,64.4,85.3,22.9,8.5,39.8,25.2,16.6
Congressional District 4 (115th Congress),TN,37.5,85.1,8.7,0.2,1.7,0,1.2,3,68.4,86,22.6,7.5,51.8,24.2,15.1
Congressional District 5 (115th Congress),TN,34.9,66.8,24.8,0.3,3.2,0.1,2.4,2.4,73.3,87.6,36.7,13.5,51.8,24.2,16.6
Congressional District 6 (115th Congress),TN,40.7,91.6,4.3,0.3,0.9,0.1,1,1.8,67.7,86.1,21.3,7.1,49.7,23.4,14.1
Congressional District 7 (115th Congress),TN,37.6,84.6,10,0.3,1.9,0.1,0.7,2.3,64.5,87.9,28.6,10.1,52.6,27.2,13.9
Congressional District 8 (115th Congress),TN,40.6,75.1,20,0.2,2,0,0.8,1.8,66.1,88.2,28.9,11.1,51.2,24.1,14.1
Congressional District 9 (115th Congress),TN,33.7,27.1,65.9,0.2,1.7,0,3.4,1.7,64.5,84.7,23.6,9.1,51.5,25.6,26.2
Texas,,34.7,74.6,12,0.5,4.5,0.1,5.8,2.6,68.4,82.8,28.7,9.9,54.6,28.1,16
Congressional District 1 (115th Congress),TX,37.2,77,17.7,0.4,1.2,0.1,1.9,1.7,63.9,83.4,20.6,6.5,40.4,19.4,18
Congressional District 2 (115th Congress),TX,36.1,68.5,10.9,0.4,7.7,0.1,9.7,2.7,73.2,88.3,40.8,14.7,54.5,21,10.6
Congressional District 3 (115th Congress),TX,37.3,70,9.3,0.5,14.7,0.1,2.2,3.2,75.1,93.9,53.2,19.4,60.8,20.2,6.8
Congressional District 4 (115th Congress),TX,38.5,81.4,10.4,0.7,1.1,0.1,3.8,2.6,66.1,86.2,21.1,6.9,48.8,24.4,14.9
Congressional District 5 (115th Congress),TX,36.1,75.5,15,0.5,2.1,0.1,4.6,2.3,66.3,80.2,20.2,6.8,30.7,20.1,16.4
Congressional District 6 (115th Congress),TX,35.3,66.6,20.4,0.6,4.7,0.2,4.2,3.3,72.1,87.9,29.5,9.4,51.4,20.1,11.8
Congressional District 7 (115th Congress),TX,34.5,67.9,13.4,0.3,10.8,0,5,2.7,73,89.2,49.2,20,52,26.7,12.2
Congressional District 8 (115th Congress),TX,37.1,82.6,8.4,0.4,2.8,0.1,3.3,2.4,64.8,86.8,29.9,9.8,54.2,20.1,12
Congressional District 9 (115th Congress),TX,32.9,37.3,37.8,0.2,11.7,0.1,11.1,1.8,69.1,77.6,25.3,8.8,55.5,13.5,20.7
Congressional District 10 (115th Congress),TX,35.2,74,10.9,0.4,5.6,0,6.3,2.8,72.7,88.4,38.6,13.1,57.5,24,10.3
Congressional District 11 (115th Congress),TX,35.2,86.7,3.8,0.5,1.1,0,5.6,2.2,68,81.8,20.7,6.1,53.8,23.8,13.1
Congressional District 12 (115th Congress),TX,35.1,79.5,8.5,0.5,3.4,0.1,4.9,3,71.3,88.3,31.1,10.2,53.8,18.3,11.3
Congressional District 13 (115th Congress),TX,36.2,85.2,5.4,0.8,2,0.1,3.2,3.2,67.9,83.3,20.2,6.1,46,16.6,15.7
Congressional District 14 (115th Congress),TX,36.9,71.7,19.9,0.5,3.1,0,2.7,2.2,64.1,85.4,23.3,7.6,57.3,23.5,15.6
Congressional District 15 (115th Congress),TX,31.2,85,1.9,0.3,1.1,0,10.3,1.5,61.8,69.5,19.3,5.6,40.3,13.9,27.7
Congressional District 16 (115th Congress),TX,32.8,81.5,3.9,0.6,1.3,0.1,10.2,2.5,64.4,79.1,24,7.7,54,14.3,20.4
Congressional District 17 (115th Congress),TX,33.2,74.7,13.1,0.5,4.8,0,4.1,2.8,67.7,85.6,29.7,10.8,53.6,27.5,18.4
Congressional District 18 (115th Congress),TX,32.4,47.5,37.4,0.3,3.7,0.1,9,2,65.8,76.4,21.8,7.9,52.8,19.1,22.7
Congressional District 19 (115th Congress),TX,33.1,82.7,6.2,0.8,1.4,0.1,6.1,2.7,66,81.5,21.9,7.5,52.4,25.2,17.3
Congressional District 20 (115th Congress),TX,32,81.9,5.3,0.7,3.2,0.2,6,2.8,67.6,81.4,24.1,8.3,55.7,21.8,18.4
Congressional District 21 (115th Congress),TX,37.8,86.6,3.6,0.5,3.5,0.1,2.8,3,72.8,93,45.4,16.8,56.1,25.8,11.3
Congressional District 22 (115th Congress),TX,36,61.4,13.5,0.4,17.9,0,3.9,2.8,70.9,90.6,45.2,17.2,50.8,24.1,7.8
Congressional District 23 (115th Congress),TX,33.3,83.1,3.4,0.8,1.4,0,9.2,2.1,63.5,75.2,21.5,7.5,49.9,22.8,17.8
Congressional District 24 (115th Congress),TX,35.8,65.2,11.5,0.4,13.3,0.3,6,3.3,77.9,90.3,44.8,15.9,37.6,18.1,9.1
Congressional District 25 (115th Congress),TX,36.4,83.7,7.1,0.5,3,0.3,2,3.5,67.5,89.9,37,13.4,50.9,24.2,11.2
Congressional District 26 (115th Congress),TX,35.5,78.9,7.7,0.4,6.1,0.1,3.3,3.6,75.6,92.3,42.7,13.8,41.3,21.1,7.7
Congressional District 27 (115th Congress),TX,37.1,85.4,5.1,0.4,1.6,0.1,5.3,2.1,68,81.5,19.2,6.5,53.1,21.6,15.9
Congressional District 28 (115th Congress),TX,31.7,87.8,4.3,0.2,1.1,0.1,4.7,1.8,62.2,71.3,18,5.6,60,16.5,25.2
Congressional District 29 (115th Congress),TX,30.5,75.9,10.9,0.6,1.6,0,9.5,1.5,65.7,60.7,9.6,2.7,54.9,22.7,25
Congressional District 30 (115th Congress),TX,32.8,47.7,43.5,0.2,2,0,4.5,2.1,65.3,76.5,20.2,6.9,50.8,13.2,23.2
Congressional District 31 (115th Congress),TX,34.8,75.8,11.4,0.5,4.8,0.3,3,4.2,71.4,91.9,34.7,11.6,43.2,16,9.9
Congressional District 32 (115th Congress),TX,36.4,67.8,13.2,0.3,8.4,0,6.8,3.5,74.4,86.5,43.2,15.9,55.4,16.2,12.4
Congressional District 33 (115th Congress),TX,30,66,16.1,0.4,2.2,0,13.3,1.9,66.2,58.5,9.6,2.8,51,23.6,25.7
Congressional District 34 (115th Congress),TX,32,92,1.3,0.2,0.6,0,4.8,1,58.5,67.6,15.4,4.5,58.5,23.8,29.3
Congressional District 35 (115th Congress),TX,32.5,74.9,9.4,0.7,1.5,0.1,10.5,2.9,69,77.5,19.9,6.1,51.7,16.9,21.8
Congressional District 36 (115th Congress),TX,37.8,82.4,8.9,0.6,2.1,0,3.9,2.1,63.5,84.1,18.7,5.9,37.1,16.2,13.9
Utah,,31,86.8,1.1,1.1,2.3,0.9,5,2.8,72.6,91.8,32.5,11,56.1,18.4,11
Congressional District 1 (115th Congress),UT,31,90,1.1,1,1.5,0.4,3.3,2.9,72.3,92.3,29.3,9.3,43.8,18.5,10.5
Congressional District 2 (115th Congress),UT,32.7,83.4,1.1,1.1,2.5,1.2,7.9,2.8,71.4,90.4,32,12,62.2,19.1,13.2
Congressional District 3 (115th Congress),UT,28.4,91.1,0.6,1.4,1.9,0.6,1.8,2.6,71.6,94.1,40.5,13.8,61.2,18.5,11.4
Congressional District 4 (115th Congress),UT,31.5,83.1,1.7,0.7,3.2,1.4,7.1,2.9,75.1,90.6,29.2,9.2,59.4,22,9.2
Vermont,,42.6,94.5,1.3,0.3,1.5,0,0.4,1.9,74,92.3,36.8,15,66.5,16.2,11.4
Congressional District 0 (115th Congress),VT,42.6,94.5,1.3,0.3,1.5,0,0.4,1.9,74,92.3,36.8,15,49.8,23.9,11.4
Virginia,,38.2,68.4,19.2,0.3,6.2,0.1,2.4,3.5,71.3,89,37.6,16.1,49.8,23.9,11.2
Congressional District 1 (115th Congress),VA,39.1,73.4,16.5,0.4,3.1,0.1,2.7,3.9,73.6,91.2,35.7,13.9,51,22,7.2
Congressional District 2 (115th Congress),VA,36.1,68.1,20,0.3,5.4,0.1,1.6,4.5,72.2,92.3,34,12.9,57,22.8,9.7
Congressional District 3 (115th Congress),VA,35,45.2,46.2,0.3,2.6,0.1,1.8,3.8,68.4,88.4,25.8,10,49.8,20.2,16.7
Congressional District 4 (115th Congress),VA,37.5,52,41.2,0.3,1.9,0.1,1.3,3.2,66.1,86.5,28.5,10.9,34.1,21.9,16.3
Congressional District 5 (115th Congress),VA,42.6,75,19.7,0.2,1.8,0,1.1,2.3,66.8,85.6,27.4,11.7,54.1,21.5,14.3
Congressional District 6 (115th Congress),VA,39.5,83.4,10.9,0.2,1.9,0.1,0.9,2.6,68.7,86.8,26.9,10.2,48.9,27.7,14.5
Congressional District 7 (115th Congress),VA,39.7,71.5,17.8,0.3,5,0.1,2.2,3.1,73.6,90.6,38.2,14.6,49.4,27,8.2
Congressional District 8 (115th Congress),VA,36.1,63.6,14.2,0.3,11.4,0.1,6.2,4.3,79.8,90.7,61.5,31.5,54.1,22.3,8.5
Congressional District 9 (115th Congress),VA,42.9,91,5.4,0.2,1.4,0,0.6,1.4,60.3,82.9,20.2,8.1,39.7,16.6,18.4
Congressional District 10 (115th Congress),VA,38,71.7,6.9,0.3,14.1,0.1,2.6,4.3,76.2,92.3,54.9,24.4,51.6,27.9,4.8
Congressional District 11 (115th Congress),VA,37.4,58.5,13.4,0.2,18.1,0.1,5,4.7,76.3,91.4,55,25.7,59.4,16.5,6.7
Washington,,37.7,76.7,3.7,1.3,8.1,0.6,4.1,5.5,69.8,90.8,34.5,12.7,62.6,18.2,12.2
Congressional District 1 (115th Congress),WA,38.3,79.5,1.3,1.2,10.5,0.2,2.8,4.5,72.4,93.6,42.8,15.5,50.3,21.2,7.6
Congressional District 2 (115th Congress),WA,38.7,77.9,3,1.2,8.4,0.6,3.1,5.9,71,91.9,30.9,10.2,54,18.9,11.8
Congressional District 3 (115th Congress),WA,39.9,86.7,1.4,0.8,3.4,0.5,2.6,4.6,66.9,90.6,24.7,8.7,52.3,22.6,12.3
Congressional District 4 (115th Congress),WA,34.1,76.1,1.2,2.6,1.6,0.1,14.8,3.7,67.3,79,20.1,7.4,53.2,22.1,16.7
Congressional District 5 (115th Congress),WA,37.9,88.1,1.5,1.7,2.4,0.4,1.6,4.3,64.9,92.5,28.9,11,54.1,23.3,15.9
Congressional District 6 (115th Congress),WA,41.5,82,3.5,2,4.1,0.6,1.8,6,64.5,92.2,29.2,10.9,50.1,24,12.9
Congressional District 7 (115th Congress),WA,36.9,74.3,4.2,0.6,11.5,0.5,2.6,6.3,77.3,94.9,59.5,24.4,46.5,25.6,10.7
Congressional District 8 (115th Congress),WA,37.6,78.5,2.9,1,8.4,0.7,3.3,5.2,71.2,91.2,33.7,11.7,35,17.6,9.4
Congressional District 9 (115th Congress),WA,36.9,51.9,11,0.7,23.1,1.3,5.2,6.8,72.9,89.1,41.5,15.6,60.2,17.7,12.3
Congressional District 10 (115th Congress),WA,36.1,73.3,6.3,1.5,6.5,1.7,3,7.6,67.4,91.7,27.6,9.4,48.6,20,13
West Virginia,,42.4,93.3,3.6,0.2,0.8,0,0.4,1.7,60.4,85.9,19.9,7.9,51.5,27.4,17.8
Congressional District 1 (115th Congress),WV,41.2,94.5,2.5,0.1,1,0,0.3,1.6,62.8,88.7,22.5,9.1,51.3,27.7,16.8
Congressional District 2 (115th Congress),WV,42.5,91.9,4.5,0.2,0.8,0,0.5,2.1,64.2,86.7,21.3,8.4,51.9,26.1,15.1
Congressional District 3 (115th Congress),WV,43.2,93.7,3.7,0.2,0.5,0,0.4,1.5,53.8,82.3,15.8,6.1,51.4,28.5,21.6
Wisconsin,,39.5,85.9,6.3,0.9,2.6,0,1.9,2.3,75.2,91.7,29,9.9,51.2,22.7,12.3
Congressional District 1 (115th Congress),WI,40.6,87.5,5.6,0.4,1.8,0,2,2.6,74,91.8,28.1,9.5,53.5,22.1,10.4
Congressional District 2 (115th Congress),WI,36.4,86.3,4.5,0.3,4.2,0,1.9,2.8,78.2,94,41.2,16.1,48.5,19.1,12.4
Congressional District 3 (115th Congress),WI,38.7,93.6,1.1,0.6,2.2,0.1,0.8,1.7,74.7,92.2,24.8,8.4,54,23.2,13.3
Congressional District 4 (115th Congress),WI,33.2,52,33.8,0.5,3.9,0,6,3.8,67.3,85,27.4,10.1,31.1,18.9,24.6
Congressional District 5 (115th Congress),WI,41.6,91.6,2.2,0.3,2.7,0,1.2,1.9,78.8,94.2,36.4,12,57.7,24.7,7.5
Congressional District 6 (115th Congress),WI,42.1,92.8,1.6,0.4,2.4,0,1,1.7,76,92,25.6,8,54.6,24.2,9.5
Congressional District 7 (115th Congress),WI,44.4,93.5,0.8,2,1.6,0,0.4,1.7,75.4,91.7,22.7,7.4,54.7,25.7,10.9
Congressional District 8 (115th Congress),WI,40.5,89.8,1.3,2.4,2.3,0,2.1,2.1,77.4,92.2,25.7,7.6,53.9,23.3,10.1
Wyoming,,37.5,91.3,1,2.3,0.9,0.1,1.8,2.6,74.1,92.8,26.7,9.3,52.9,21.4,11.1
Congressional District 0 (115th Congress),WY,37.5,91.3,1,2.3,0.9,0.1,1.8,2.6,74.1,92.8,26.7,9.3,52.9,21.4,11.1
Puerto Rico,,41.4,68.9,9.8,0.3,0.2,0,14.8,6.1,45.4,74.7,24.9,7.1,45.6,30.3,44.9
Resident Commissioner District 0 (115th Congress),,41.4,68.9,9.8,0.3,0.2,0,14.8,6.1,45.4,74.7,24.9,7.1,45.6,30.3,44.9